sample,gene,snv_status
TCGA-L5-A88W,TP53,WT
TCGA-LN-A9FP,TP53,MUT
TCGA-L5-A8NK,TP53,MUT
TCGA-LN-A5U6,TP53,WT
TCGA-LN-A49N,TP53,WT
TCGA-VR-A8ET,TP53,WT
TCGA-JY-A93F,TP53,WT
TCGA-LN-A4MR,TP53,MUT
TCGA-VR-AA4G,TP53,MUT
TCGA-KH-A6WC,TP53,WT
TCGA-LN-A9FO,TP53,MUT
TCGA-LN-A4A6,TP53,MUT
TCGA-VR-A8Q7,TP53,MUT
TCGA-IG-A4QT,TP53,WT
TCGA-IG-A3YA,TP53,MUT
TCGA-IG-A6QS,TP53,MUT
TCGA-Q9-A6FU,TP53,WT
TCGA-LN-A49X,TP53,MUT
TCGA-JY-A6FE,TP53,WT
TCGA-LN-A8I0,TP53,MUT
TCGA-LN-A8I1,TP53,MUT
TCGA-LN-A49K,TP53,WT
TCGA-VR-AA7B,TP53,MUT
TCGA-IG-A5S3,TP53,MUT
TCGA-LN-A49V,TP53,MUT
TCGA-L5-A88Z,TP53,MUT
TCGA-IG-A97I,TP53,MUT
TCGA-IG-A3I8,TP53,MUT
TCGA-XP-A8T7,TP53,WT
TCGA-VR-A8EO,TP53,MUT
TCGA-LN-A9FR,TP53,MUT
TCGA-XP-A8T8,TP53,MUT
TCGA-VR-A8EY,TP53,WT
TCGA-IG-A625,TP53,WT
TCGA-LN-A7HY,TP53,MUT
TCGA-L7-A56G,TP53,WT
TCGA-LN-A7HX,TP53,MUT
TCGA-VR-AA7I,TP53,MUT
TCGA-LN-A49P,TP53,WT
TCGA-V5-A7RC,TP53,WT
TCGA-L5-A88S,TP53,MUT
TCGA-IG-A3Y9,TP53,MUT
TCGA-LN-A4A8,TP53,MUT
TCGA-V5-AASV,TP53,WT
TCGA-IG-A51D,TP53,WT
TCGA-XP-A8T6,TP53,MUT
TCGA-IG-A3YC,TP53,MUT
TCGA-IG-A3QL,TP53,WT
TCGA-Z6-A8JE,TP53,MUT
TCGA-VR-AA7D,TP53,MUT
TCGA-Z6-AAPN,TP53,MUT
TCGA-L5-A43J,TP53,MUT
TCGA-IC-A6RF,TP53,WT
TCGA-LN-A7HZ,TP53,MUT
TCGA-LN-A5U7,TP53,MUT
TCGA-VR-A8ER,TP53,MUT
TCGA-LN-A4A9,TP53,MUT
TCGA-LN-A4A4,TP53,WT
TCGA-LN-A49S,TP53,MUT
TCGA-VR-A8EW,TP53,WT
TCGA-LN-A4A2,TP53,MUT
TCGA-LN-A49U,TP53,MUT
TCGA-IG-A8O2,TP53,MUT
TCGA-S8-A6BW,TP53,MUT
TCGA-LN-A9FQ,TP53,MUT
TCGA-IG-A5B8,TP53,MUT
TCGA-LN-A49L,TP53,WT
TCGA-LN-A49O,TP53,MUT
TCGA-JY-A6FA,TP53,MUT
TCGA-VR-A8EZ,TP53,MUT
TCGA-JY-A6FD,TP53,MUT
TCGA-LN-A49Y,TP53,MUT
TCGA-LN-A5U5,TP53,WT
TCGA-VR-A8EP,TP53,MUT
TCGA-L5-A43H,TP53,WT
TCGA-LN-A49R,TP53,WT
TCGA-LN-A49W,TP53,MUT
TCGA-IG-A3YB,TP53,WT
TCGA-LN-A49M,TP53,MUT
TCGA-IG-A50L,TP53,MUT
TCGA-VR-A8EU,TP53,WT
TCGA-LN-A8HZ,TP53,WT
TCGA-Z6-A9VB,TP53,MUT
TCGA-VR-A8EX,TP53,MUT
TCGA-LN-A4MQ,TP53,WT
TCGA-L5-A8NQ,TP53,MUT
TCGA-LN-A4A3,TP53,MUT
TCGA-LN-A4A5,TP53,MUT
TCGA-IG-A4P3,TP53,MUT
TCGA-Z6-A8JD,TP53,MUT
TCGA-LN-A4A1,TP53,MUT
TCGA-LN-A7HV,TP53,MUT
TCGA-LN-A7HW,TP53,MUT
